Dataset,N,RMSE,MAE,r
GSE69914,49,7.361296206764278,3.9916639323566088,0.8583163633515455
GSE225845,231,5.712814778346111,3.557885271149619,0.894739448232237
GSE108213,8,4.614399123436986,3.7480125815068206,0.9524459085036703
GSE88883,100,4.681486917311804,3.5607257442108793,0.9588882445420052
GSE74214,18,8.299931692750569,4.345556332516022,0.9451396558244164
