Dataset,N,RMSE,MAE,r
GSE69914,49,7.780264010879195,3.645103754034686,0.8621272553259509
GSE225845,231,6.156132970236342,3.7504676567394384,0.8966121625376996
GSE108213,8,4.847330425829799,3.2582336100148552,0.9228456699271705
GSE88883,100,6.010608377011334,4.820700215263816,0.9635638098478833
GSE74214,18,7.748691245795785,3.5632179899499175,0.9723417386215737
